{
   "5": 1.2,
   "6": 1.0,
   "7": 0.8571428571428571,
   "8": 0.875,
   "9": 0.8888888888888888,
   "10": 0.9,
   "11": 0.8181818181818182,
   "12": 0.8333333333333334,
   "13": 1.0,
   "14": 0.8571428571428571,
   "15": 0.9333333333333333,
   "16": 0.8125,
   "17": 0.9411764705882353,
   "18": 0.8888888888888888,
   "19": 0.7894736842105263,
   "20": 0.85,
   "21": 0.9047619047619048,
   "22": 0.8636363636363636,
   "23": 0.782608695652174,
   "24": 0.7083333333333334,
   "25": 0.92,
   "26": 0.9615384615384616,
   "27": 0.8518518518518519,
   "28": 0.8928571428571429,
   "29": 0.7931034482758621,
   "30": 0.8,
   "31": 0.8387096774193549,
   "32": 0.78125,
   "33": 0.9393939393939394,
   "34": 1.1470588235294117,
   "35": 1.0857142857142856,
   "36": 1.0277777777777777,
   "37": 1.0,
   "38": 0.9210526315789473,
   "39": 0.9230769230769231,
   "40": 0.8,
   "41": 0.9024390243902439
}