{
   "5": 1.2,
   "6": 1.1666666666666667,
   "7": 0.8571428571428571,
   "8": 1.0,
   "9": 0.6666666666666666,
   "10": 0.6,
   "11": 0.5454545454545454,
   "12": 0.5,
   "13": 0.46153846153846156,
   "14": 0.42857142857142855,
   "15": 0.3333333333333333,
   "16": 0.3125,
   "17": 0.29411764705882354,
   "18": 0.4444444444444444,
   "19": 0.2631578947368421,
   "20": 0.3,
   "21": 0.2857142857142857,
   "22": 0.2727272727272727,
   "23": 0.30434782608695654,
   "24": 0.20833333333333334,
   "25": 0.24,
   "26": 0.23076923076923078,
   "27": 0.18518518518518517,
   "28": 0.17857142857142858,
   "29": 0.27586206896551724,
   "30": 0.16666666666666666,
   "31": 0.16129032258064516,
   "32": 0.15625,
   "33": 0.18181818181818182,
   "34": 0.14705882352941177,
   "35": 0.14285714285714285,
   "36": 0.1388888888888889,
   "37": 0.13513513513513514,
   "38": 0.13157894736842105,
   "39": 0.20512820512820512,
   "40": 0.125,
   "41": 0.12195121951219512,
   "42": 0.11904761904761904,
   "43": 0.13953488372093023,
   "44": 0.13636363636363635,
   "45": 0.13333333333333333,
   "46": 0.10869565217391304,
   "47": 0.1276595744680851,
   "48": 0.125,
   "49": 0.10204081632653061,
   "50": 0.1,
   "51": 0.09803921568627451,
   "52": 0.11538461538461539,
   "53": 0.11320754716981132,
   "54": 0.09259259259259259,
   "55": 0.14545454545454545,
   "56": 0.08928571428571429,
   "57": 0.08771929824561403,
   "58": 0.08620689655172414,
   "59": 0.11864406779661017,
   "60": 0.13333333333333333,
   "61": 0.08196721311475409,
   "62": 0.08064516129032258,
   "63": 0.07936507936507936,
   "64": 0.078125,
   "65": 0.09230769230769231,
   "66": 0.07575757575757576,
   "67": 0.07462686567164178,
   "68": 0.08823529411764706,
   "69": 0.07246376811594203,
   "70": 0.08571428571428572,
   "71": 0.07042253521126761,
   "72": 0.08333333333333333,
   "73": 0.1095890410958904,
   "74": 0.06756756756756757,
   "75": 0.06666666666666667,
   "76": 0.06578947368421052,
   "77": 0.06493506493506493,
   "78": 0.08974358974358974,
   "79": 0.06329113924050633,
   "80": 0.05,
   "81": 0.07407407407407407,
   "82": 0.0975609756097561,
   "83": 0.04819277108433735,
   "84": 0.047619047619047616,
   "85": 0.058823529411764705,
   "86": 0.08139534883720931,
   "87": 0.08045977011494253,
   "88": 0.056818181818181816,
   "89": 0.0449438202247191,
   "90": 0.044444444444444446,
   "91": 0.0989010989010989,
   "92": 0.06521739130434782,
   "93": 0.053763440860215055,
   "94": 0.0425531914893617,
   "95": 0.042105263157894736,
   "96": 0.041666666666666664,
   "97": 0.05154639175257732,
   "98": 0.061224489795918366,
   "99": 0.0707070707070707,
   "100": 0.04,
   "101": 0.039603960396039604,
   "102": 0.0392156862745098,
   "103": 0.04854368932038835,
   "104": 0.04807692307692308,
   "105": 0.02857142857142857,
   "106": 0.05660377358490566,
   "107": 0.06542056074766354,
   "108": 0.046296296296296294,
   "109": 0.03669724770642202,
   "110": 0.05454545454545454,
   "111": 0.04504504504504504,
   "112": 0.07142857142857142,
   "113": 0.05309734513274336,
   "114": 0.05263157894736842,
   "115": 0.043478260869565216,
   "116": 0.034482758620689655,
   "117": 0.042735042735042736,
   "118": 0.0423728813559322,
   "119": 0.04201680672268908,
   "120": 0.03333333333333333,
   "121": 0.03305785123966942,
   "122": 0.03278688524590164,
   "123": 0.032520325203252036,
   "124": 0.03225806451612903,
   "125": 0.032,
   "126": 0.047619047619047616,
   "127": 0.047244094488188976,
   "128": 0.0390625,
   "129": 0.03875968992248062,
   "130": 0.038461538461538464,
   "131": 0.03816793893129771,
   "132": 0.045454545454545456,
   "133": 0.06015037593984962,
   "134": 0.04477611940298507,
   "135": 0.02962962962962963,
   "136": 0.029411764705882353,
   "137": 0.0364963503649635,
   "138": 0.028985507246376812,
   "139": 0.02877697841726619,
   "140": 0.05,
   "141": 0.028368794326241134,
   "142": 0.028169014084507043,
   "143": 0.027972027972027972,
   "144": 0.027777777777777776,
   "145": 0.04827586206896552,
   "146": 0.02054794520547945,
   "147": 0.02040816326530612,
   "148": 0.02027027027027027,
   "149": 0.026845637583892617,
   "150": 0.03333333333333333,
   "151": 0.033112582781456956,
   "152": 0.03289473684210526,
   "153": 0.026143790849673203,
   "154": 0.025974025974025976,
   "155": 0.025806451612903226,
   "156": 0.02564102564102564,
   "157": 0.025477707006369428,
   "158": 0.02531645569620253,
   "159": 0.025157232704402517,
   "160": 0.01875,
   "161": 0.018633540372670808,
   "162": 0.018518518518518517,
   "163": 0.018404907975460124,
   "164": 0.018292682926829267,
   "165": 0.024242424242424242,
   "166": 0.024096385542168676,
   "167": 0.023952095808383235,
   "168": 0.011904761904761904,
   "169": 0.023668639053254437,
   "170": 0.023529411764705882,
   "171": 0.011695906432748537,
   "172": 0.011627906976744186,
   "173": 0.023121387283236993,
   "174": 0.022988505747126436,
   "175": 0.022857142857142857,
   "176": 0.017045454545454544,
   "177": 0.01694915254237288,
   "178": 0.016853932584269662,
   "179": 0.01675977653631285,
   "180": 0.016666666666666666,
   "181": 0.016574585635359115,
   "182": 0.016483516483516484,
   "183": 0.01639344262295082,
   "184": 0.016304347826086956,
   "185": 0.016216216216216217,
   "186": 0.021505376344086023,
   "187": 0.0213903743315508,
   "188": 0.02127659574468085,
   "189": 0.021164021164021163,
   "190": 0.021052631578947368,
   "191": 0.020942408376963352,
   "192": 0.020833333333333332,
   "193": 0.02072538860103627,
   "194": 0.020618556701030927,
   "195": 0.020512820512820513,
   "196": 0.02040816326530612,
   "197": 0.02030456852791878,
   "198": 0.020202020202020204,
   "199": 0.020100502512562814,
   "200": 0.02,
   "201": 0.01990049751243781,
   "202": 0.019801980198019802,
   "203": 0.019704433497536946,
   "204": 0.0196078431372549,
   "205": 0.01951219512195122,
   "206": 0.02912621359223301,
   "207": 0.028985507246376812,
   "208": 0.028846153846153848,
   "209": 0.023923444976076555,
   "210": 0.01904761904761905,
   "211": 0.018957345971563982,
   "212": 0.018867924528301886,
   "213": 0.018779342723004695,
   "214": 0.018691588785046728,
   "215": 0.018604651162790697,
   "216": 0.018518518518518517,
   "217": 0.018433179723502304,
   "218": 0.01834862385321101,
   "219": 0.0182648401826484,
   "220": 0.013636363636363636,
   "221": 0.013574660633484163,
   "222": 0.02252252252252252,
   "223": 0.02242152466367713,
   "224": 0.022321428571428572,
   "225": 0.022222222222222223,
   "226": 0.022123893805309734,
   "227": 0.022026431718061675,
   "228": 0.02631578947368421,
   "229": 0.026200873362445413,
   "230": 0.021739130434782608,
   "231": 0.008658008658008658,
   "232": 0.01293103448275862,
   "233": 0.02145922746781116,
   "234": 0.01282051282051282,
   "235": 0.01276595744680851,
   "236": 0.012711864406779662,
   "237": 0.016877637130801686,
   "238": 0.01680672268907563,
   "239": 0.016736401673640166,
   "240": 0.016666666666666666,
   "241": 0.02074688796680498,
   "242": 0.008264462809917356,
   "243": 0.00823045267489712,
   "244": 0.00819672131147541,
   "245": 0.00816326530612245,
   "246": 0.008130081300813009,
   "247": 0.008097165991902834,
   "248": 0.008064516129032258,
   "249": 0.008032128514056224,
   "250": 0.008,
   "251": 0.00796812749003984,
   "252": 0.007936507936507936,
   "253": 0.007905138339920948,
   "254": 0.007874015748031496,
   "255": 0.00784313725490196,
   "256": 0.01171875,
   "257": 0.011673151750972763,
   "258": 0.015503875968992248,
   "259": 0.015444015444015444,
   "260": 0.011538461538461539,
   "261": 0.011494252873563218,
   "262": 0.011450381679389313,
   "263": 0.011406844106463879,
   "264": 0.011363636363636364,
   "265": 0.011320754716981131,
   "266": 0.011278195488721804,
   "267": 0.011235955056179775,
   "268": 0.011194029850746268,
   "269": 0.011152416356877323,
   "270": 0.018518518518518517,
   "271": 0.01845018450184502,